<?xml version="1.0" encoding="utf-8"?>
<extension
	type="module"
	version="3.0"
	method="upgrade"
	client="site">	
    <name>Restaurant List</name>
    <creationDate>August 2014</creationDate>
    <author>Marc Bowman</author> 
    <authorEmail>marcmonk@gmail.com</authorEmail>
    <authorUrl>itdoneeasy.com</authorUrl>
    <copyright>Copyright (C) 2014 VeganPittsburgh.org. All rights reserved.</copyright>
    <license>GNU GPL</license>
    <version>1.0.0</version>
	<description>Displays a pretty restaurant list from the database</description>
	<files>
		<filename module="mod_restaurants">mod_restaurants.php</filename>
		<filename>helper.php</filename>
		<filename>index.html</filename>
		<folder>tmpl</folder>
	</files>
	<config>
		<fields name="params">
		<!--
		<fieldset name="basic">
			<field name="count" type="text" default="5" label="Count" description="The number of items to display (default is 5)" />		
   		</fieldset>
   		-->
		<fieldset name="advanced">
			<field
				name="moduleclass_sfx"
				type="text"
				label="COM_MODULES_FIELD_MODULECLASS_SFX_LABEL"
				description="COM_MODULES_FIELD_MODULECLASS_SFX_DESC" />
   		</fieldset>
   		
		</fields>
	</config>
</extension>